﻿이름,CODE,개발 단계,날짜,사람
최종 정기 회의,CODE_STORY,5. 실행 계획,2023년 1월 1일,"정인, 석범, 윤예인"
3차 정기 회의,CODE_STORY,5. 실행 계획,2022년 12월 25일,"정인, 석범, 윤예인"
2차 정기 회의,CODE_STORY,5. 실행 계획,2022년 12월 18일,"정인, 석범, 윤예인"
기능 목차로 리스트업,CODE_STORY,5. 실행 계획,2022년 12월 5일,"정인, 석범, 윤예인"
개발 일정 맞추기,CODE_STORY,5. 실행 계획,2022년 11월 19일,
개발 툴 정리,CODE_STORY,5. 실행 계획,2022년 10월 24일 → 2022년 11월 7일,윤예인
5. 실행 계획,CODE_STORY,5. 실행 계획,2022년 10월 22일,"정인, 석범, 윤예인"
4. 전략 설정,CODE_STORY,4. 전략 설정,2022년 10월 19일,"정인, 석범, 윤예인"
3. 문제 도출,CODE_STORY,3. 문제 도출,2022년 10월 19일,"윤예인, 석범, 정인"
2. 조사와 분석,CODE_STORY,2. 조사와 분석,2022년 10월 18일,"정인, 석범, 윤예인"
2. 조사,CODE_STORY,2. 조사와 분석,2022년 10월 15일,"정인, 윤예인, 석범"
1. 목적 / 목표의 확립,CODE_STORY,1. 목적 / 목표의 확립,2022년 10월 8일,"정인, 윤예인, 석범"
프로젝트 구상,WorkOutNow,1. 목적 / 목표의 확립,2022년 10월 18일,
스토리 보드 작성,CODE_STORY,6. 개발,2022년 12월 11일 → 2023년 1월 1일,"정인, 석범"
1차 정기 회의,CODE_STORY,5. 실행 계획,2022년 12월 11일,"정인, 석범, 윤예인"
기획서 정리,CODE_STORY,5. 실행 계획,2022년 10월 24일 → 2022년 11월 7일,"정인, 석범"
1. 프로젝트 구상,WorkOutNow,1. 목적 / 목표의 확립,2022년 10월 24일,김정원
1차 프로토 타입 제작,CODE_SITE,6. 개발,2022년 10월 31일 → 2022년 11월 13일,"허정, 정인"
,,,,
기획안 작성,WorkOutNow,,2022년 11월 11일,김정원
"마인드맵, 스토리보드 작성 → 중간보고서 제출",WorkOutNow,,2022년 11월 13일 → 2022년 11월 15일,김정원
,,,2022년 12월 10일,
최종 디자인 정기 회의,CODE_STORY,5. 실행 계획,2023년 1월 29일,"정인, 석범, 윤예인"
디자인 정기 회의,CODE_STORY,5. 실행 계획,2023년 1월 8일,"정인, 석범, 윤예인"
모바일 UI / UX 디자인 정기 회의,CODE_STORY,5. 실행 계획,2023년 1월 15일,"정인, 석범, 윤예인"
텍스트 게임 디자인 정기 회의,CODE_STORY,5. 실행 계획,2023년 1월 22일,"정인, 석범, 윤예인"